Name,Male Patronymic,Female Patronymic
Аарон,Ааронович,Аароновна
Абай,Абаевич,Абаевна
Аббас,Аббасович,Аббасовна
Абзал,Абзалович,Абзаловна
Абыз,Абызович,Абызовна
Абызбай,Абызбаевич,Абызбаевна
Абылай,Абылаевич,Абылаевна
Август,Августович,Августовна
Августин,Августинович,Августиновна
Авдей,Авдеевич,Авдеевна
Аверкий,Аверкиевич,Аверкиевна
Аверьян,Аверьянович,Аверьяновна
Авксентий,Авксентиевич,Авксентиевна
Автоном,Автономович,Автономовна
Агап,Агапович,Агаповна
Агафон,Агафонович,Агафоновна
Аггей,Аггеевич,Аггеевна
Адай,Адаевич,Адаевна
Адам,Адамович,Адамовна
Адамбай,Адамбаевич,Адамбаевна
Адамбек,Адамбекович,Адамбековна
Адриан,Адрианович,Адриановна
Адырбай,Адырбаевич,Адырбаевна
Ажарбек,Ажарбекович,Ажарбековна
Азамат,Азаматович,Азаматовна
Азар,Азарович,Азаровна
Азарий,Азариевич,Азариевна
Азат,Азатович,Азатовна
Айбар,Айбарович,Айбаровна
Айбаржан,Айбаржанович,Айбаржановна
Айбас,Айбасович,Айбасовна
Айбат,Айбатович,Айбатовна
Айбек,Айбекович,Айбековна
Айбол,Айболович,Айболовна
Айболат,Айболатович,Айболатовна
Айбын,Айбынович,Айбыновна
Айдан,Айданович,Айдановна
Айдар,Айдарович,Айдаровна
Айдаралы,Айдаралыович,Айдаралыовна
Айдарлы,Айдарлыович,Айдарлыовна
Айдархан,Айдарханович,Айдархановна
Айдос,Айдосович,Айдосовна
Айдын,Айдынович,Айдыновна
Айжас,Айжасович,Айжасовна
Айзат,Айзатович,Айзатовна
Айке,Айкеович,Айкеовна
Айкен,Айкенович,Айкеновна
Айкеш,Айкешевич,Айкешевна
Аймат,Айматович,Айматовна
Айнабек,Айнабекович,Айнабековна
Айнан,Айнанович,Айнановна
Айрат,Айратович,Айратовна
Айса,Айсич,Айсична
Айсауыт,Айсауытович,Айсауытовна
Айтан,Айтанович,Айтановна
Айтас,Айтасович,Айтасовна
Айтбай,Айтбаевич,Айтбаевна
Айтбек,Айтбекович,Айтбековна
Айтжан,Айтжанович,Айтжановна
Айтуар,Айтуарович,Айтуаровна
Айтуды,Айтудыович,Айтудыовна
Акакий,Акакиевич,Акакиевна
Аким,Акимович,Акимовна
Алай,Алаевич,Алаевна
Алау,Алауович,Алауовна
Албат,Албатович,Албатовна
Алдан,Алданович,Алдановна
Алдар,Алдарович,Алдаровна
Алдияр,Алдиярович,Алдияровна
Алевтин,Алевтинович,Алевтиновна
Александр,Александрович,Александровна
Алексей,Алексеевич,Алексеевна
Ален,Аленович,Аленовна
Алмабай,Алмабаевич,Алмабаевна
Алмас,Алмасович,Алмасовна
Алпамыс,Алпамысович,Алпамысовна
Алпар,Алпарович,Алпаровна
Алпысбай,Алпысбаевич,Алпысбаевна
Алтай,Алтаевич,Алтаевна
Алтыбай,Алтыбаевич,Алтыбаевна
Алтынбек,Алтынбекович,Алтынбековна
Алтынсары,Алтынсарыович,Алтынсарыовна
Альберт,Альбертович,Альбертовна
Альвиан,Альвианович,Альвиановна
Аман,Аманович,Амановна
Аманбай,Аманбаевич,Аманбаевна
Амвросий,Амвросиевич,Амвросиевна
Амос,Амосович,Амосовна
Ананий,Ананиевич,Ананиевна
Анарбай,Анарбаевич,Анарбаевна
Анастас,Анастасович,Анастасовна
Анатолий,Анатолиевич,Анатолиевна
Андас,Андасович,Андасовна
Андрей,Андреевич,Андреевна
Андрон,Андронович,Андроновна
Андроник,Андроникович,Андрониковна
Аникей,Аникеевич,Аникеевна
Аникита,Аникитич,Аникитична
Анисим,Анисимович,Анисимовна
Антип,Антипович,Антиповна
Антон,Антонович,Антоновна
Антонин,Антонинович,Антониновна
Анфим,Анфимович,Анфимовна
Аполлинарий,Аполлинариевич,Аполлинариевна
Арай,Араевич,Араевна
Аралбай,Аралбаевич,Аралбаевна
Арбек,Арбекович,Арбековна
Арбол,Арболович,Арболовна
Арефий,Арефиевич,Арефиевна
Аристарх,Аристархович,Аристарховна
Аркадий,Аркадиевич,Аркадиевна
Арман,Арманович,Армановна
Арсен,Арсенович,Арсеновна
Арсений,Арсениевич,Арсениевна
Артем,Артемович,Артемовна
Артемий,Артемиевич,Артемиевна
Артур,Артурович,Артуровна
Артём,Артёмович,Артёмовна
Архипп,Архиппович,Архипповна
Арын,Арынович,Арыновна
Арысбай,Арысбаевич,Арысбаевна
Арыстан,Арыстанович,Арыстановна
Асабай,Асабаевич,Асабаевна
Асан,Асанович,Асановна
Аскольд,Аскольдович,Аскольдовна
Астам,Астамович,Астамовна
Асхат,Асхатович,Асхатовна
Асыл,Асылович,Асыловна
Атабай,Атабаевич,Атабаевна
Атабек,Атабекович,Атабековна
Атымтай,Атымтаевич,Атымтаевна
Афанасий,Афанасиевич,Афанасиевна
Афиноген,Афиногенович,Афиногеновна
Ахат,Ахатович,Ахатовна
Ахмар,Ахмарович,Ахмаровна
Ахмедияр,Ахмедиярович,Ахмедияровна
Ахмет,Ахметович,Ахметовна
Ахметсафа,Ахметсафич,Ахметсафична
Ахрам,Ахрамович,Ахрамовна
Аян,Аянович,Аяновна
Бабанияз,Бабаниязович,Бабаниязовна
Бажан,Бажанович,Бажановна
Бажен,Баженович,Баженовна
Базарбай,Базарбаевич,Базарбаевна
Базарлы,Базарлыович,Базарлыовна
Базыл,Базылович,Базыловна
Бай,Баевич,Баевна
Байарыстан,Байарыстанович,Байарыстановна
Байжарас,Байжарасович,Байжарасовна
Байман,Байманович,Баймановна
Баймырза,Баймырзич,Баймырзична
Байназар,Байназарович,Байназаровна
Байтас,Байтасович,Байтасовна
Байшы,Байшыович,Байшыовна
Балабай,Балабаевич,Балабаевна
Балтабек,Балтабекович,Балтабековна
Басым,Басымович,Басымовна
Батко,Баткович,Батковна
Бауыржан,Бауыржанович,Бауыржановна
Баязит,Баязитович,Баязитовна
Баян,Баянович,Баяновна
Бекбатыр,Бекбатырович,Бекбатыровна
Бекбау,Бекбауович,Бекбауовна
Бекбол,Бекболович,Бекболовна
Бекдайыр,Бекдайырович,Бекдайыровна
Бекей,Бекеевич,Бекеевна
Бекжан,Бекжанович,Бекжановна
Беккболат,Беккболатович,Беккболатовна
Бекназар,Бекназарович,Бекназаровна
Бекнар,Бекнарович,Бекнаровна
Бесбай,Бесбаевич,Бесбаевна
Благовид,Благовидович,Благовидовна
Благодар,Благодарович,Благодаровна
Богдан,Богданович,Богдановна
Богодар,Богодарович,Богодаровна
Богуслав,Богуславович,Богуславовна
Бодан,Боданович,Бодановна
Божан,Божанович,Божановна
Божедар,Божедарович,Божедаровна
Божейко,Божейкович,Божейковна
Божемир,Божемирович,Божемировна
Божен,Боженович,Боженовна
Божко,Божкович,Божковна
Бойко,Бойкович,Бойковна
Болеслав,Болеславович,Болеславовна
Боримир,Боримирович,Боримировна
Боримисл,Боримислович,Боримисловна
Борис,Борисович,Борисовна
Борислав,Бориславович,Бориславовна
Боронислав,Борониславович,Борониславовна
Боян,Боянович,Бояновна
Бративой,Бративоевич,Бративоевна
Братимир,Братимирович,Братимировна
Братислав,Братиславович,Братиславовна
Братко,Браткович,Братковна
Братомил,Братомилович,Братомиловна
Братослав,Братославович,Братославовна
Бронислав,Брониславович,Брониславовна
Брячислав,Брячиславович,Брячиславовна
Будивид,Будивидович,Будивидовна
Будивой,Будивоевич,Будивоевна
Будимил,Будимилович,Будимиловна
Будимир,Будимирович,Будимировна
Будислав,Будиславович,Будиславовна
Буймир,Буймирович,Буймировна
Буйтур,Буйтурович,Буйтуровна
Вавила,Вавилич,Вавилична
Вадим,Вадимович,Вадимовна
Валентин,Валентинович,Валентиновна
Валерий,Валериевич,Валериевна
Валерьян,Валерьянович,Валерьяновна
Варлаам,Варлаамович,Варлаамовна
Варлам,Варламович,Варламовна
Варсонофий,Варсонофиевич,Варсонофиевна
Варфоломей,Варфоломеевич,Варфоломеевна
Василий,Василиевич,Василиевна
Василь,Василевич,Василевна
Ведан,Веданович,Ведановна
Велемир,Велемирович,Велемировна
Велемудр,Велемудрович,Велемудровна
Велет,Велетович,Велетовна
Величар,Величарович,Величаровна
Величко,Величкович,Величковна
Венедикт,Венедиктович,Венедиктовна
Вениамин,Вениаминович,Вениаминовна
Вербан,Вербанович,Вербановна
Вернидуб,Вернидубович,Вернидубовна
Вернислав,Верниславович,Верниславовна
Веселан,Веселанович,Веселановна
Викентий,Викентиевич,Викентиевна
Виктор,Викторович,Викторовна
Викторин,Викторинович,Викториновна
Виссарион,Виссарионович,Виссарионовна
Виталий,Виталиевич,Виталиевна
Витомир,Витомирович,Витомировна
Вишата,Вишатич,Вишатична
Вишезор,Вишезорович,Вишезоровна
Вишеслав,Вишеславович,Вишеславовна
Влад,Владович,Владовна
Владилен,Владиленович,Владиленовна
Владимир,Владимирович,Владимировна
Владислав,Владиславович,Владиславовна
Владлен,Владленович,Владленовна
Влас,Власович,Власовна
Власт,Властович,Властовна
Вогнедар,Вогнедарович,Вогнедаровна
Вогнян,Вогнянович,Вогняновна
Водограй,Водограевич,Водограевна
Водотрав,Водотравович,Водотравовна
Волелюб,Волелюбович,Волелюбовна
Володар,Володарович,Володаровна
Володимир,Володимирович,Володимировна
Володислав,Володиславович,Володиславовна
Воля,Волич,Волинична
Воротислав,Воротиславович,Воротиславовна
Вратан,Вратанович,Вратановна
Вратислав,Вратиславович,Вратиславовна
Всевлад,Всевладович,Всевладовна
Всеволод,Всеволодович,Всеволодовна
Вселюб,Вселюбович,Вселюбовна
Вселюд,Вселюдович,Вселюдовна
Всемил,Всемилович,Всемиловна
Всеслав,Всеславович,Всеславовна
Вышеслав,Вышеславович,Вышеславовна
Вячеслав,Вячеславович,Вячеславовна
Гавриил,Гавриилович,Гаврииловна
Гаврила,Гаврилич,Гаврилична
Гаврило,Гаврилович,Гавриловна
Галактион,Галактионович,Галактионовна
Гарифолла,Гарифоллич,Гарифоллична
Гарнослав,Гарнославович,Гарнославовна
Гатусил,Гатусилович,Гатусиловна
Гатуслав,Гатуславович,Гатуславовна
Гедеон,Гедеонович,Гедеоновна
Геласий,Геласиевич,Геласиевна
Геннадий,Геннадиевич,Геннадиевна
Георгий,Георгиевич,Георгиевна
Герасим,Герасимович,Герасимовна
Герман,Германович,Германовна
Германн,Германнович,Германновна
Гладко,Гладкович,Гладковна
Глеб,Глебович,Глебовна
Гнат,Гнатович,Гнатовна
Годомир,Годомирович,Годомировна
Голубко,Голубкович,Голубковна
Гордей,Гордеевич,Гордеевна
Гордислав,Гордиславович,Гордиславовна
Гордогост,Гордогостович,Гордогостовна
Гордодум,Гордодумович,Гордодумовна
Гордомисл,Гордомислович,Гордомисловна
Гордослав,Гордославович,Гордославовна
Гордята,Гордятич,Гордятична
Горигляд,Гориглядович,Гориглядовна
Горимир,Горимирович,Горимировна
Горимисл,Горимислович,Горимисловна
Горислав,Гориславович,Гориславовна
Горун,Горунович,Горуновна
Гостомисл,Гостомислович,Гостомисловна
Гостомысл,Гостомыслович,Гостомысловна
Гостята,Гостятич,Гостятична
Градимир,Градимирович,Градимировна
Градислав,Градиславович,Градиславовна
Гранислав,Граниславович,Граниславовна
Гремислав,Гремиславович,Гремиславовна
Грива,Гривич,Гривична
Григорий,Григориевич,Григориевна
Грозан,Грозанович,Грозановна
Громовик,Громовикович,Громовиковна
Гурий,Гуриевич,Гуриевна
Густомисл,Густомислович,Густомисловна
Давид,Давидович,Давидовна
Далемил,Далемилович,Далемиловна
Далемир,Далемирович,Далемировна
Дан,Данович,Дановна
Данакт,Данактович,Данактовна
Даниил,Даниилович,Данииловна
Данило,Данилович,Даниловна
Данко,Данкович,Данковна
Дантур,Дантурович,Дантуровна
Дар,Дарович,Даровна
Дарибог,Дарибогович,Дарибоговна
Даромир,Даромирович,Даромировна
Демид,Демидович,Демидовна
Демьян,Демьянович,Демьяновна
Денис,Денисович,Денисовна
Держикрай,Держикраевич,Держикраевна
Держислав,Держиславович,Держиславовна
Дибач,Дибачевич,Дибачевна
Дмитрий,Дмитриевич,Дмитриевна
Дмитро,Дмитрович,Дмитровна
Добривод,Добриводович,Добриводовна
Добрик,Добрикович,Добриковна
Добрило,Добрилович,Добриловна
Добриня,Добринич,Добрининична
Доброгост,Доброгостович,Доброгостовна
Добродум,Добродумович,Добродумовна
Добролик,Доброликович,Доброликовна
Добролюб,Добролюбович,Добролюбовна
Добромир,Добромирович,Добромировна
Добромисл,Добромислович,Добромисловна
Добромысл,Добромыслович,Добромысловна
Доброслав,Доброславович,Доброславовна
Добрыня,Добрынич,Добрынинична
Доморад,Доморадович,Доморадовна
Домослав,Домославович,Домославовна
Донат,Донатович,Донатовна
Дорогобуг,Дорогобугович,Дорогобуговна
Дорогомир,Дорогомирович,Дорогомировна
Дорогомисл,Дорогомислович,Дорогомисловна
Дорогосил,Дорогосилович,Дорогосиловна
Дорогочин,Дорогочинович,Дорогочиновна
Дорофей,Дорофеевич,Дорофеевна
Драган,Драганович,Драгановна
Евгений,Евгениевич,Евгениевна
Евграф,Евграфович,Евграфовна
Евдоким,Евдокимович,Евдокимовна
Евлампий,Евлампиевич,Евлампиевна
Евсей,Евсеевич,Евсеевна
Евстафий,Евстафиевич,Евстафиевна
Евстигней,Евстигнеевич,Евстигнеевна
Егор,Егорович,Егоровна
Едуард,Едуардович,Едуардовна
Елизар,Елизарович,Елизаровна
Емельян,Емельянович,Емельяновна
Еремей,Еремеевич,Еремеевна
Ермил,Ермилович,Ермиловна
Ермолай,Ермолаевич,Ермолаевна
Ерофей,Ерофеевич,Ерофеевна
Ефим,Ефимович,Ефимовна
Ефрем,Ефремович,Ефремовна
Жадан,Жаданович,Жадановна
Ждан,Жданович,Ждановна
Живосил,Живосилович,Живосиловна
Живослав,Живославович,Живославовна
Жито,Житович,Житовна
Житомир,Житомирович,Житомировна
Захар,Захарович,Захаровна
Зборислав,Збориславович,Збориславовна
Звенигор,Звенигорович,Звенигоровна
Звенимир,Звенимирович,Звенимировна
Звенислав,Звениславович,Звениславовна
Здоровега,Здоровегич,Здоровегична
Земислав,Земиславович,Земиславовна
Зиновий,Зиновиевич,Зиновиевна
Злат,Златович,Златовна
Златодан,Златоданович,Златодановна
Златомир,Златомирович,Златомировна
Златоус,Златоусович,Златоусовна
Злотан,Злотанович,Злотановна
Злотодан,Злотоданович,Злотодановна
Зорегляд,Зореглядович,Зореглядовна
Зоремир,Зоремирович,Зоремировна
Зорепад,Зорепадович,Зорепадовна
Зореслав,Зореславович,Зореславовна
Зорян,Зорянович,Зоряновна
Зосима,Зосимич,Зосимична
Иакинф,Иакинфович,Иакинфовна
Иван,Иванович,Ивановна
Игнатий,Игнатиевич,Игнатиевна
Игорь,Игоревич,Игоревна
Измаил,Измаилович,Измаиловна
Изот,Изотович,Изотовна
Изяслав,Изяславович,Изяславовна
Илья,Ильич,Ильинична
Иннокентий,Иннокентиевич,Иннокентиевна
Иосиф,Иосифович,Иосифовна
Ипат,Ипатович,Ипатовна
Ипатий,Ипатиевич,Ипатиевна
Ипполит,Ипполитович,Ипполитовна
Ираклий,Ираклиевич,Ираклиевна
Ириней,Иринеевич,Иринеевна
Иса,Исич,Исична
Исай,Исаевич,Исаевна
Исидор,Исидорович,Исидоровна
Иуда,Иудич,Иудична
Иулиан,Иулианович,Иулиановна
Йосип,Йосипович,Йосиповна
Казимир,Казимирович,Казимировна
Каленик,Каленикович,Калениковна
Каллистрат,Каллистратович,Каллистратовна
Капитон,Капитонович,Капитоновна
Карл,Карлович,Карловна
Карп,Карпович,Карповна
Кий,Киевич,Киевна
Ким,Кимович,Кимовна
Кир,Кирович,Кировна
Кирилл,Кириллович,Кирилловна
Кирило,Кирилович,Кириловна
Киян,Киянович,Кияновна
Клавдий,Клавдиевич,Клавдиевна
Климент,Климентович,Климентовна
Княжослав,Княжославович,Княжославовна
Колодар,Колодарович,Колодаровна
Кондрат,Кондратович,Кондратовна
Кондратий,Кондратиевич,Кондратиевна
Конон,Кононович,Кононовна
Константин,Константинович,Константиновна
Корнил,Корнилович,Корниловна
Корнилий,Корнилиевич,Корнилиевна
Костянтин,Костянтинович,Костянтиновна
Красун,Красунович,Красуновна
Крилач,Крилачевич,Крилачевна
Кузьма,Кузьмич,Кузьмична
Куприян,Куприянович,Куприяновна
Курило,Курилович,Куриловна
Лаврентий,Лаврентиевич,Лаврентиевна
Ладимир,Ладимирович,Ладимировна
Ладислав,Ладиславович,Ладиславовна
Ладолюб,Ладолюбович,Ладолюбовна
Ладомир,Ладомирович,Ладомировна
Латиф,Латифович,Латифовна
Лев,Львович,Львовна
Левко,Левкович,Левковна
Леон,Леонович,Леоновна
Леонид,Леонидович,Леонидовна
Леонтий,Леонтиевич,Леонтиевна
Леопольд,Леопольдович,Леопольдовна
Лесь,Лесевич,Лесевна
Листвич,Листвичевич,Листвичевна
Логгин,Логгинович,Логгиновна
Лонгин,Лонгинович,Лонгиновна
Лука,Лукич,Лукична
Лукий,Лукиевич,Лукиевна
Лукьян,Лукьянович,Лукьяновна
Лучезар,Лучезарович,Лучезаровна
Любим,Любимович,Любимовна
Любовир,Любовирович,Любовировна
Любодар,Любодарович,Любодаровна
Любозар,Любозарович,Любозаровна
Любомил,Любомилович,Любомиловна
Любомир,Любомирович,Любомировна
Любомисл,Любомислович,Любомисловна
Любомудр,Любомудрович,Любомудровна
Любослав,Любославович,Любославовна
Любосмысл,Любосмыслович,Любосмысловна
Людислав,Людиславович,Людиславовна
Людомил,Людомилович,Людомиловна
Лютобор,Лютоборович,Лютоборовна
Лютомисл,Лютомислович,Лютомисловна
Магадар,Магадарович,Магадаровна
Магамир,Магамирович,Магамировна
Магаслав,Магаславович,Магаславовна
Магистриан,Магистрианович,Магистриановна
Май,Маевич,Маевна
Макар,Макарович,Макаровна
Максим,Максимович,Максимовна
Максимильян,Максимильянович,Максимильяновна
Малик,Маликович,Маликовна
Маломир,Маломирович,Маломировна
Манар,Манарович,Манаровна
Манасбай,Манасбаевич,Манасбаевна
Марабай,Марабаевич,Марабаевна
Мардан,Марданович,Мардановна
Мариан,Марианович,Мариановна
Марк,Маркович,Марковна
Марко,Маркович,Марковна
Мартин,Мартинович,Мартиновна
Мартын,Мартынович,Мартыновна
Мартьян,Мартьянович,Мартьяновна
Матвей,Матвеевич,Матвеевна
Махамбет,Махамбетович,Махамбетовна
Медомир,Медомирович,Медомировна
Межамир,Межамирович,Межамировна
Мелентий,Мелентиевич,Мелентиевна
Мерей,Мереевич,Мереевна
Мечислав,Мечиславович,Мечиславовна
Мизамир,Мизамирович,Мизамировна
Микита,Микитич,Микитична
Микола,Миколич,Миколична
Миколай,Миколаевич,Миколаевна
Милан,Миланович,Милановна
Милен,Миленович,Миленовна
Милий,Милиевич,Милиевна
Милован,Милованович,Миловановна
Милодар,Милодарович,Милодаровна
Милодух,Милодухович,Милодуховна
Милослав,Милославович,Милославовна
Мина,Минич,Минична
Мир,Мирович,Мировна
Миробог,Миробогович,Миробоговна
Мирогост,Мирогостович,Мирогостовна
Миролюб,Миролюбович,Миролюбовна
Мирон,Миронович,Мироновна
Мирослав,Мирославович,Мирославовна
Митрофан,Митрофанович,Митрофановна
Михаил,Михайлович,Михайловна
Михайло,Михайлович,Михайловна
Михей,Михеевич,Михеевна
Мовчан,Мовчанович,Мовчановна
Модест,Модестович,Модестовна
Молибог,Молибогович,Молибоговна
Момбек,Момбекович,Момбековна
Мстибог,Мстибогович,Мстибоговна
Мстивой,Мстивоевич,Мстивоевна
Мстислав,Мстиславович,Мстиславовна
Мудролюб,Мудролюбович,Мудролюбовна
Мухамбет,Мухамбетович,Мухамбетовна
Назар,Назарович,Назаровна
Найден,Найденович,Найденовна
Наркис,Наркисович,Наркисовна
Наслав,Наславович,Наславовна
Натан,Натанович,Натановна
Наум,Наумович,Наумовна
Недан,Неданович,Недановна
Немир,Немирович,Немировна
Непобор,Непоборович,Непоборовна
Нестор,Несторович,Несторовна
Никандр,Никандрович,Никандровна
Никанор,Никанорович,Никаноровна
Никита,Никитич,Никитична
Никифор,Никифорович,Никифоровна
Никодим,Никодимович,Никодимовна
Николай,Николаевич,Николаевна
Никон,Никонович,Никоновна
Ниязбай,Ниязбаевич,Ниязбаевна
Обай,Обаевич,Обаевна
Одинець,Одинецевич,Одинецевна
Озарбек,Озарбекович,Озарбековна
Озат,Озатович,Озатовна
Олег,Олегович,Олеговна
Олекса,Олексич,Олексична
Олександр,Олександрович,Олександровна
Олелько,Олелькович,Олельковна
Олесь,Олесевич,Олесевна
Олимпий,Олимпиевич,Олимпиевна
Омелян,Омелянович,Омеляновна
Онисим,Онисимович,Онисимовна
Онуфрий,Онуфриевич,Онуфриевна
Опанас,Опанасович,Опанасовна
Орест,Орестович,Орестовна
Оримир,Оримирович,Оримировна
Орманбай,Орманбаевич,Орманбаевна
Орманбек,Орманбекович,Орманбековна
Орманшы,Орманшыович,Орманшыовна
Орхип,Орхипович,Орхиповна
Осемрит,Осемритович,Осемритовна
Осип,Осипович,Осиповна
Осмомисл,Осмомислович,Осмомисловна
Остап,Остапович,Остаповна
Острозор,Острозорович,Острозоровна
Остромир,Остромирович,Остромировна
Остромисл,Остромислович,Остромисловна
Остромов,Остромовович,Остромововна
Отан,Отанович,Отановна
Отар,Отарович,Отаровна
Павел,Павлович,Павловна
Павло,Павлович,Павловна
Паисий,Паисиевич,Паисиевна
Палуан,Палуанович,Палуановна
Панас,Панасович,Панасовна
Панкрат,Панкратович,Панкратовна
Панкратий,Панкратиевич,Панкратиевна
Пантелеймон,Пантелеймонович,Пантелеймоновна
Панфил,Панфилович,Панфиловна
Парамон,Парамонович,Парамоновна
Пармен,Парменович,Парменовна
Парфен,Парфенович,Парфеновна
Парфений,Парфениевич,Парфениевна
Пафнутий,Пафнутиевич,Пафнутиевна
Пахом,Пахомович,Пахомовна
Пахомий,Пахомиевич,Пахомиевна
Первушко,Первушкович,Первушковна
Пердебек,Пердебекович,Пердебековна
Перелюб,Перелюбович,Перелюбовна
Перемил,Перемилович,Перемиловна
Перемисл,Перемислович,Перемисловна
Переяслав,Переяславович,Переяславовна
Першик,Першикович,Першиковна
Петр,Петрович,Петровна
Петро,Петрович,Петровна
Пилип,Пилипович,Пилиповна
Пимен,Пименович,Пименовна
Платон,Платонович,Платоновна
Подолян,Подолянович,Подоляновна
Полель,Полелевич,Полелевна
Поликарп,Поликарпович,Поликарповна
Полян,Полянович,Поляновна
Порфир,Порфирович,Порфировна
Порфирий,Порфириевич,Порфириевна
Потап,Потапович,Потаповна
Пребислав,Пребиславович,Пребиславовна
Предислав,Предиславович,Предиславовна
Пров,Провович,Прововна
Прокл,Проклович,Прокловна
Прокопий,Прокопиевич,Прокопиевна
Прокофий,Прокофиевич,Прокофиевна
Протасий,Протасиевич,Протасиевна
Прохор,Прохорович,Прохоровна
Пётр,Петрович,Петровна
Рабат,Рабатович,Рабатовна
Рава,Равич,Равична
Радечко,Радечкович,Радечковна
Радивой,Радивоевич,Радивоевна
Радило,Радилович,Радиловна
Радим,Радимович,Радимовна
Радимир,Радимирович,Радимировна
Радислав,Радиславович,Радиславовна
Радко,Радкович,Радковна
Радован,Радованович,Радовановна
Радогост,Радогостович,Радогостовна
Радомир,Радомирович,Радомировна
Радомисл,Радомислович,Радомисловна
Радослав,Радославович,Радославовна
Райбай,Райбаевич,Райбаевна
Рамазан,Рамазанович,Рамазановна
Ратибор,Ратиборович,Ратиборовна
Ратимир,Ратимирович,Ратимировна
Ратислав,Ратиславович,Ратиславовна
Ратмир,Ратмирович,Ратмировна
Рахман,Рахманович,Рахмановна
Ревун,Ревунович,Ревуновна
Рогволод,Рогволодович,Рогволодовна
Родан,Роданович,Родановна
Родион,Родионович,Родионовна
Родослав,Родославович,Родославовна
Рожден,Рожденович,Рожденовна
Роксолан,Роксоланович,Роксолановна
Роман,Романович,Романовна
Ростислав,Ростиславович,Ростиславовна
Ростичар,Ростичарович,Ростичаровна
Ростун,Ростунович,Ростуновна
Рубен,Рубенович,Рубеновна
Рудан,Руданович,Рудановна
Руслан,Русланович,Руслановна
Русудан,Русуданович,Русудановна
Рюрик,Рюрикович,Рюриковна
Савва,Саввич,Саввична
Савватий,Савватиевич,Савватиевна
Савелий,Савелиевич,Савелиевна
Садыбай,Садыбаевич,Садыбаевна
Сайлау,Сайлауович,Сайлауовна
Самат,Саматович,Саматовна
Самсон,Самсонович,Самсоновна
Самуил,Самуилович,Самуиловна
Сапа,Сапич,Сапична
Сармат,Сарматович,Сарматовна
Сары,Сарыович,Сарыовна
Сарыбай,Сарыбаевич,Сарыбаевна
Сауыт,Сауытович,Сауытовна
Сауытбай,Сауытбаевич,Сауытбаевна
Сафа,Сафич,Сафична
Сафи,Сафиович,Сафиовна
Сварг,Сваргович,Сварговна
Светозар,Светозарович,Светозаровна
Свирид,Свиридович,Свиридовна
Свободан,Свободанович,Свободановна
Святовид,Святовидович,Святовидовна
Святогор,Святогорович,Святогоровна
Святолюб,Святолюбович,Святолюбовна
Святополк,Святополкович,Святополковна
Святослав,Святославович,Святославовна
Святояр,Святоярович,Святояровна
Севастьян,Севастьянович,Севастьяновна
Северин,Северинович,Севериновна
Селиван,Селиванович,Селивановна
Семен,Семенович,Семеновна
Семибор,Семиборович,Семиборовна
Семирад,Семирадович,Семирадовна
Семён,Семёнович,Семёновна
Серафим,Серафимович,Серафимовна
Сергей,Сергеевич,Сергеевна
Сердитко,Сердиткович,Сердитковна
Сидор,Сидорович,Сидоровна
Сила,Силич,Силична
Силолюб,Силолюбович,Силолюбовна
Силослав,Силославович,Силославовна
Сильвестр,Сильвестрович,Сильвестровна
Симон,Симонович,Симоновна
Синьоок,Синьоокович,Синьооковна
Скол,Сколович,Сколовна
Слава,Славич,Славична
Славобор,Славоборович,Славоборовна
Славолюб,Славолюбович,Славолюбовна
Славомир,Славомирович,Славомировна
Славута,Славутич,Славутична
Снага,Снагич,Снагична
Сновид,Сновидович,Сновидовна
Созон,Созонович,Созоновна
Сократ,Сократович,Сократовна
Соловей,Соловеевич,Соловеевна
Сологуб,Сологубович,Сологубовна
Соломон,Соломонович,Соломоновна
Сонцевид,Сонцевидович,Сонцевидовна
Сонцедар,Сонцедарович,Сонцедаровна
Сонцелик,Сонцеликович,Сонцеликовна
Софон,Софонович,Софоновна
Софрон,Софронович,Софроновна
Спандияр,Спандиярович,Спандияровна
Спартак,Спартакович,Спартаковна
Спас,Спасович,Спасовна
Спиридон,Спиридонович,Спиридоновна
Станимир,Станимирович,Станимировна
Станислав,Станиславович,Станиславовна
Стародум,Стародумович,Стародумовна
Степан,Степанович,Степановна
Стефан,Стефанович,Стефановна
Стожар,Стожарович,Стожаровна
Стоймир,Стоймирович,Стоймировна
Стоян,Стоянович,Стояновна
Судивой,Судивоевич,Судивоевна
Судимир,Судимирович,Судимировна
Судислав,Судиславович,Судиславовна
Сурма,Сурмич,Сурмична
Тарас,Тарасович,Тарасовна
Татомир,Татомирович,Татомировна
Твердигост,Твердигостович,Твердигостовна
Твердислав,Твердиславович,Твердиславовна
Творилад,Твориладович,Твориладовна
Творимир,Творимирович,Творимировна
Творислав,Твориславович,Твориславовна
Теодор,Теодорович,Теодоровна
Терентий,Терентиевич,Терентиевна
Тимофей,Тимофеевич,Тимофеевна
Тимур,Тимурович,Тимуровна
Тит,Титович,Титовна
Тихомир,Тихомирович,Тихомировна
Тихон,Тихонович,Тихоновна
Толислав,Толиславович,Толиславовна
Тригост,Тригостович,Тригостовна
Трифон,Трифонович,Трифоновна
Трофим,Трофимович,Трофимовна
Трохим,Трохимович,Трохимовна
Троян,Троянович,Трояновна
Тур,Турович,Туровна
Турбог,Турбогович,Турбоговна
Уличан,Уличанович,Уличановна
Ульян,Ульянович,Ульяновна
Ус,Усович,Усовна
Устим,Устимович,Устимовна
Устин,Устинович,Устиновна
Фаддей,Фаддеевич,Фаддеевна
Федор,Федорович,Федоровна
Федосей,Федосеевич,Федосеевна
Федосий,Федосиевич,Федосиевна
Федот,Федотович,Федотовна
Феликс,Феликсович,Феликсовна
Феоктист,Феоктистович,Феоктистовна
Феофан,Феофанович,Феофановна
Ферапонт,Ферапонтович,Ферапонтовна
Филарет,Филаретович,Филаретовна
Филат,Филатович,Филатовна
Филимон,Филимонович,Филимоновна
Филипп,Филиппович,Филипповна
Фирс,Фирсович,Фирсовна
Флорентин,Флорентинович,Флорентиновна
Фока,Фокич,Фокична
Фома,Фомич,Фомична
Фотий,Фотиевич,Фотиевна
Франц,Францевич,Францевна
Фрол,Фролович,Фроловна
Фёдор,Фёдорович,Фёдоровна
Харитон,Харитонович,Харитоновна
Хвала,Хвалич,Хвалична
Хвалибог,Хвалибогович,Хвалибоговна
Хвалимир,Хвалимирович,Хвалимировна
Ходота,Ходотич,Ходотична
Хома,Хомич,Хомична
Хорив,Хоривович,Хоривовна
Хорошко,Хорошкович,Хорошковна
Хотибор,Хотиборович,Хотиборовна
Хотимир,Хотимирович,Хотимировна
Хотян,Хотянович,Хотяновна
Хранимир,Хранимирович,Хранимировна
Хрисанф,Хрисанфович,Хрисанфовна
Христофор,Христофорович,Христофоровна
Худан,Худанович,Худановна
Царко,Царкович,Царковна
Царук,Царукович,Царуковна
Чара,Чарич,Чарична
Чернин,Чернинович,Черниновна
Чеслав,Чеславович,Чеславовна
Чесмил,Чесмилович,Чесмиловна
Честислав,Честиславович,Честиславовна
Щастибог,Щастибогович,Щастибоговна
Щастислав,Щастиславович,Щастиславовна
Щедрогост,Щедрогостович,Щедрогостовна
Щек,Щекович,Щековна
Эдуард,Эдуардович,Эдуардовна
Эмиль,Эмилевич,Эмилевна
Эммануил,Эммануилович,Эммануиловна
Эраст,Эрастович,Эрастовна
Эрнест,Эрнестович,Эрнестовна
Эрнст,Эрнстович,Эрнстовна
Юлиан,Юлианович,Юлиановна
Юлий,Юлиевич,Юлиевна
Юрий,Юриевич,Юриевна
Юстим,Юстимович,Юстимовна
Юстин,Юстинович,Юстиновна
Юхим,Юхимович,Юхимовна
Яволод,Яволодович,Яволодовна
Яков,Яковлевич,Яковлевна
Якуб,Якубович,Якубовна
Якун,Якунович,Якуновна
Ян,Янович,Яновна
Януарий,Януариевич,Януариевна
Яр,Ярович,Яровна
Ярема,Яремич,Яремична
Ярило,Ярилович,Яриловна
Яровид,Яровидович,Яровидовна
Яровит,Яровитович,Яровитовна
Яромил,Яромилович,Яромиловна
Яромир,Яромирович,Яромировна
Яромисл,Яромислович,Яромисловна
Ярополк,Ярополкович,Ярополковна
Ярослав,Ярославович,Ярославовна
Ярош,Ярошевич,Ярошевна
Яртур,Яртурович,Яртуровна
Ярчик,Ярчикович,Ярчиковна
Ясен,Ясенович,Ясеновна
Ясновид,Ясновидович,Ясновидовна
Ясногор,Ясногорович,Ясногоровна
Яснолик,Ясноликович,Ясноликовна
